term,category,description
소맥가수분해물,밀,소맥가수분해물은(는) 밀에 해당하는 성분입니다.
에그파우더가수분해물,알류,에그파우더가수분해물은(는) 알류에 해당하는 성분입니다.
바지락분말,조개류,바지락분말은(는) 조개류에 해당하는 성분입니다.
가리비분말,조개류,가리비분말은(는) 조개류에 해당하는 성분입니다.
락토오스농축액,우유,락토오스농축액은(는) 우유에 해당하는 성분입니다.
유청추출물,우유,유청추출물은(는) 우유에 해당하는 성분입니다.
연유,우유,연유은(는) 우유에 해당하는 성분입니다.
대두단백질,대두,대두단백질은(는) 대두에 해당하는 성분입니다.
건새우농축분말,새우,건새우농축분말은(는) 새우에 해당하는 성분입니다.
난황,알류,난황은(는) 알류에 해당하는 성분입니다.
새우추출물,새우,새우추출물은(는) 새우에 해당하는 성분입니다.
닭가슴살,닭고기,닭가슴살은(는) 닭고기에 해당하는 성분입니다.
메밀가루가수분해물,메밀,메밀가루가수분해물은(는) 메밀에 해당하는 성분입니다.
호두분태농축액,호두,호두분태농축액은(는) 호두에 해당하는 성분입니다.
전란액유래,알류,전란액유래은(는) 알류에 해당하는 성분입니다.
백도농축분말,복숭아,백도농축분말은(는) 복숭아에 해당하는 성분입니다.
굴분말,조개류,굴분말은(는) 조개류에 해당하는 성분입니다.
새우가루추출물,새우,새우가루추출물은(는) 새우에 해당하는 성분입니다.
땅콩분태분말,땅콩,땅콩분태분말은(는) 땅콩에 해당하는 성분입니다.
글루텐,밀,글루텐은(는) 밀에 해당하는 성분입니다.
훈제고등어유래,고등어,훈제고등어유래은(는) 고등어에 해당하는 성분입니다.
쇠고기유래,쇠고기,쇠고기유래은(는) 쇠고기에 해당하는 성분입니다.
사골추출물,쇠고기,사골추출물은(는) 쇠고기에 해당하는 성분입니다.
이산화황단백질,아황산류,이산화황단백질은(는) 아황산류에 해당하는 성분입니다.
돈육,돼지고기,돈육은(는) 돼지고기에 해당하는 성분입니다.
우유추출물,우유,우유추출물은(는) 우유에 해당하는 성분입니다.
호두분말,호두,호두분말은(는) 호두에 해당하는 성분입니다.
닭가슴살단백질,닭고기,닭가슴살단백질은(는) 닭고기에 해당하는 성분입니다.
고등어유래,고등어,고등어유래은(는) 고등어에 해당하는 성분입니다.
난백페이스트,알류,난백페이스트은(는) 알류에 해당하는 성분입니다.
피넛버터가수분해물,땅콩,피넛버터가수분해물은(는) 땅콩에 해당하는 성분입니다.
땅콩분태농축분말,땅콩,땅콩분태농축분말은(는) 땅콩에 해당하는 성분입니다.
글루텐가수분해물,밀,글루텐가수분해물은(는) 밀에 해당하는 성분입니다.
난백유래,알류,난백유래은(는) 알류에 해당하는 성분입니다.
고등어농축분말,고등어,고등어농축분말은(는) 고등어에 해당하는 성분입니다.
닭고기추출물,닭고기,닭고기추출물은(는) 닭고기에 해당하는 성분입니다.
사골단백질,쇠고기,사골단백질은(는) 쇠고기에 해당하는 성분입니다.
밀가루,밀,밀가루은(는) 밀에 해당하는 성분입니다.
무수아황산단백질,아황산류,무수아황산단백질은(는) 아황산류에 해당하는 성분입니다.
방울토마토,토마토,방울토마토은(는) 토마토에 해당하는 성분입니다.
카제인농축분말,우유,카제인농축분말은(는) 우유에 해당하는 성분입니다.
밀가루가수분해물,밀,밀가루가수분해물은(는) 밀에 해당하는 성분입니다.
이산화황페이스트,아황산류,이산화황페이스트은(는) 아황산류에 해당하는 성분입니다.
우육분말,쇠고기,우육분말은(는) 쇠고기에 해당하는 성분입니다.
닭고기페이스트,닭고기,닭고기페이스트은(는) 닭고기에 해당하는 성분입니다.
버터가수분해물,우유,버터가수분해물은(는) 우유에 해당하는 성분입니다.
호밀추출물,밀,호밀추출물은(는) 밀에 해당하는 성분입니다.
소맥농축분말,밀,소맥농축분말은(는) 밀에 해당하는 성분입니다.
복숭아페이스트,복숭아,복숭아페이스트은(는) 복숭아에 해당하는 성분입니다.
밀가루페이스트,밀,밀가루페이스트은(는) 밀에 해당하는 성분입니다.
계란농축액,알류,계란농축액은(는) 알류에 해당하는 성분입니다.
토마토농축분말,토마토,토마토농축분말은(는) 토마토에 해당하는 성분입니다.
쇠고기추출물,쇠고기,쇠고기추출물은(는) 쇠고기에 해당하는 성분입니다.
밀농축분말,밀,밀농축분말은(는) 밀에 해당하는 성분입니다.
버터추출물,우유,버터추출물은(는) 우유에 해당하는 성분입니다.
굴농축분말,조개류,굴농축분말은(는) 조개류에 해당하는 성분입니다.
호두페이스트,호두,호두페이스트은(는) 호두에 해당하는 성분입니다.
훈제고등어농축분말,고등어,훈제고등어농축분말은(는) 고등어에 해당하는 성분입니다.
훈제고등어페이스트,고등어,훈제고등어페이스트은(는) 고등어에 해당하는 성분입니다.
돈육가수분해물,돼지고기,돈육가수분해물은(는) 돼지고기에 해당하는 성분입니다.
된장유래,대두,된장유래은(는) 대두에 해당하는 성분입니다.
황도추출물,복숭아,황도추출물은(는) 복숭아에 해당하는 성분입니다.
메밀가루농축분말,메밀,메밀가루농축분말은(는) 메밀에 해당하는 성분입니다.
건새우단백질,새우,건새우단백질은(는) 새우에 해당하는 성분입니다.
밀유래,밀,밀유래은(는) 밀에 해당하는 성분입니다.
고등어페이스트,고등어,고등어페이스트은(는) 고등어에 해당하는 성분입니다.
피넛버터농축분말,땅콩,피넛버터농축분말은(는) 땅콩에 해당하는 성분입니다.
전란액추출물,알류,전란액추출물은(는) 알류에 해당하는 성분입니다.
토마토소스농축분말,토마토,토마토소스농축분말은(는) 토마토에 해당하는 성분입니다.
글루텐추출물,밀,글루텐추출물은(는) 밀에 해당하는 성분입니다.
가리비유래,조개류,가리비유래은(는) 조개류에 해당하는 성분입니다.
방울토마토추출물,토마토,방울토마토추출물은(는) 토마토에 해당하는 성분입니다.
달걀,알류,달걀은(는) 알류에 해당하는 성분입니다.
염소유가수분해물,우유,염소유가수분해물은(는) 우유에 해당하는 성분입니다.
카제인분말,우유,카제인분말은(는) 우유에 해당하는 성분입니다.
피넛버터유래,땅콩,피넛버터유래은(는) 땅콩에 해당하는 성분입니다.
콩기름유래,대두,콩기름유래은(는) 대두에 해당하는 성분입니다.
게유래,게,게유래은(는) 게에 해당하는 성분입니다.
소고기농축액,쇠고기,소고기농축액은(는) 쇠고기에 해당하는 성분입니다.
전복농축액,조개류,전복농축액은(는) 조개류에 해당하는 성분입니다.
우육추출물,쇠고기,우육추출물은(는) 쇠고기에 해당하는 성분입니다.
콩기름추출물,대두,콩기름추출물은(는) 대두에 해당하는 성분입니다.
대두분말,대두,대두분말은(는) 대두에 해당하는 성분입니다.
호두분태유래,호두,호두분태유래은(는) 호두에 해당하는 성분입니다.
유청가수분해물,우유,유청가수분해물은(는) 우유에 해당하는 성분입니다.
황도농축액,복숭아,황도농축액은(는) 복숭아에 해당하는 성분입니다.
소고기유래,쇠고기,소고기유래은(는) 쇠고기에 해당하는 성분입니다.
전복페이스트,조개류,전복페이스트은(는) 조개류에 해당하는 성분입니다.
콩추출물,대두,콩추출물은(는) 대두에 해당하는 성분입니다.
사골페이스트,쇠고기,사골페이스트은(는) 쇠고기에 해당하는 성분입니다.
모시조개농축분말,조개류,모시조개농축분말은(는) 조개류에 해당하는 성분입니다.
건오징어농축분말,오징어,건오징어농축분말은(는) 오징어에 해당하는 성분입니다.
호밀농축액,밀,호밀농축액은(는) 밀에 해당하는 성분입니다.
모시조개추출물,조개류,모시조개추출물은(는) 조개류에 해당하는 성분입니다.
달걀페이스트,알류,달걀페이스트은(는) 알류에 해당하는 성분입니다.
돈육농축분말,돼지고기,돈육농축분말은(는) 돼지고기에 해당하는 성분입니다.
메밀농축분말,메밀,메밀농축분말은(는) 메밀에 해당하는 성분입니다.
돼지고기단백질,돼지고기,돼지고기단백질은(는) 돼지고기에 해당하는 성분입니다.
소맥페이스트,밀,소맥페이스트은(는) 밀에 해당하는 성분입니다.
홍합유래,조개류,홍합유래은(는) 조개류에 해당하는 성분입니다.
돈육단백질,돼지고기,돈육단백질은(는) 돼지고기에 해당하는 성분입니다.
소맥분가수분해물,밀,소맥분가수분해물은(는) 밀에 해당하는 성분입니다.
소시지농축액,돼지고기,소시지농축액은(는) 돼지고기에 해당하는 성분입니다.
피넛버터단백질,땅콩,피넛버터단백질은(는) 땅콩에 해당하는 성분입니다.
땅콩분태유래,땅콩,땅콩분태유래은(는) 땅콩에 해당하는 성분입니다.
오징어가수분해물,오징어,오징어가수분해물은(는) 오징어에 해당하는 성분입니다.
잣농축분말,잣,잣농축분말은(는) 잣에 해당하는 성분입니다.
땅콩오일페이스트,땅콩,땅콩오일페이스트은(는) 땅콩에 해당하는 성분입니다.
땅콩분태가수분해물,땅콩,땅콩분태가수분해물은(는) 땅콩에 해당하는 성분입니다.
대두페이스트,대두,대두페이스트은(는) 대두에 해당하는 성분입니다.
햄페이스트,돼지고기,햄페이스트은(는) 돼지고기에 해당하는 성분입니다.
닭가슴살페이스트,닭고기,닭가슴살페이스트은(는) 닭고기에 해당하는 성분입니다.
햄농축액,돼지고기,햄농축액은(는) 돼지고기에 해당하는 성분입니다.
메밀유래,메밀,메밀유래은(는) 메밀에 해당하는 성분입니다.
난황유래,알류,난황유래은(는) 알류에 해당하는 성분입니다.
밀가루농축분말,밀,밀가루농축분말은(는) 밀에 해당하는 성분입니다.
보리가수분해물,밀,보리가수분해물은(는) 밀에 해당하는 성분입니다.
방울토마토단백질,토마토,방울토마토단백질은(는) 토마토에 해당하는 성분입니다.
땅콩오일단백질,땅콩,땅콩오일단백질은(는) 땅콩에 해당하는 성분입니다.
계육페이스트,닭고기,계육페이스트은(는) 닭고기에 해당하는 성분입니다.
잣가루농축액,잣,잣가루농축액은(는) 잣에 해당하는 성분입니다.
새우가수분해물,새우,새우가수분해물은(는) 새우에 해당하는 성분입니다.
잣유래,잣,잣유래은(는) 잣에 해당하는 성분입니다.
모시조개농축액,조개류,모시조개농축액은(는) 조개류에 해당하는 성분입니다.
연유추출물,우유,연유추출물은(는) 우유에 해당하는 성분입니다.
게페이스트,게,게페이스트은(는) 게에 해당하는 성분입니다.
카제인가수분해물,우유,카제인가수분해물은(는) 우유에 해당하는 성분입니다.
두유가수분해물,대두,두유가수분해물은(는) 대두에 해당하는 성분입니다.
청국장유래,대두,청국장유래은(는) 대두에 해당하는 성분입니다.
산양유단백질,우유,산양유단백질은(는) 우유에 해당하는 성분입니다.
닭가슴살농축액,닭고기,닭가슴살농축액은(는) 닭고기에 해당하는 성분입니다.
토마토페이스트,토마토,토마토페이스트은(는) 토마토에 해당하는 성분입니다.
사골유래,쇠고기,사골유래은(는) 쇠고기에 해당하는 성분입니다.
토마토분말,토마토,토마토분말은(는) 토마토에 해당하는 성분입니다.
굴단백질,조개류,굴단백질은(는) 조개류에 해당하는 성분입니다.
돈육농축액,돼지고기,돈육농축액은(는) 돼지고기에 해당하는 성분입니다.
버터농축분말,우유,버터농축분말은(는) 우유에 해당하는 성분입니다.
땅콩단백질,땅콩,땅콩단백질은(는) 땅콩에 해당하는 성분입니다.
땅콩분태추출물,땅콩,땅콩분태추출물은(는) 땅콩에 해당하는 성분입니다.
된장농축분말,대두,된장농축분말은(는) 대두에 해당하는 성분입니다.
에그파우더추출물,알류,에그파우더추출물은(는) 알류에 해당하는 성분입니다.
소맥추출물,밀,소맥추출물은(는) 밀에 해당하는 성분입니다.
새우가루분말,새우,새우가루분말은(는) 새우에 해당하는 성분입니다.
땅콩농축분말,땅콩,땅콩농축분말은(는) 땅콩에 해당하는 성분입니다.
토마토소스,토마토,토마토소스은(는) 토마토에 해당하는 성분입니다.
계육농축분말,닭고기,계육농축분말은(는) 닭고기에 해당하는 성분입니다.
소맥분페이스트,밀,소맥분페이스트은(는) 밀에 해당하는 성분입니다.
황도페이스트,복숭아,황도페이스트은(는) 복숭아에 해당하는 성분입니다.
간장페이스트,대두,간장페이스트은(는) 대두에 해당하는 성분입니다.
백도페이스트,복숭아,백도페이스트은(는) 복숭아에 해당하는 성분입니다.
달걀추출물,알류,달걀추출물은(는) 알류에 해당하는 성분입니다.
소맥분말,밀,소맥분말은(는) 밀에 해당하는 성분입니다.
우육유래,쇠고기,우육유래은(는) 쇠고기에 해당하는 성분입니다.
땅콩가수분해물,땅콩,땅콩가수분해물은(는) 땅콩에 해당하는 성분입니다.
우유농축액,우유,우유농축액은(는) 우유에 해당하는 성분입니다.
베이컨,돼지고기,베이컨은(는) 돼지고기에 해당하는 성분입니다.
게살,게,게살은(는) 게에 해당하는 성분입니다.
새우농축액,새우,새우농축액은(는) 새우에 해당하는 성분입니다.
소시지추출물,돼지고기,소시지추출물은(는) 돼지고기에 해당하는 성분입니다.
새우가루페이스트,새우,새우가루페이스트은(는) 새우에 해당하는 성분입니다.
잣분말,잣,잣분말은(는) 잣에 해당하는 성분입니다.
복숭아가수분해물,복숭아,복숭아가수분해물은(는) 복숭아에 해당하는 성분입니다.
소맥분유래,밀,소맥분유래은(는) 밀에 해당하는 성분입니다.
아황산나트륨농축액,아황산류,아황산나트륨농축액은(는) 아황산류에 해당하는 성분입니다.
우육,쇠고기,우육은(는) 쇠고기에 해당하는 성분입니다.
바지락유래,조개류,바지락유래은(는) 조개류에 해당하는 성분입니다.
훈제고등어농축액,고등어,훈제고등어농축액은(는) 고등어에 해당하는 성분입니다.
락토오스단백질,우유,락토오스단백질은(는) 우유에 해당하는 성분입니다.
잣가루추출물,잣,잣가루추출물은(는) 잣에 해당하는 성분입니다.
땅콩오일유래,땅콩,땅콩오일유래은(는) 땅콩에 해당하는 성분입니다.
카제인페이스트,우유,카제인페이스트은(는) 우유에 해당하는 성분입니다.
새우가루단백질,새우,새우가루단백질은(는) 새우에 해당하는 성분입니다.
버터유래,우유,버터유래은(는) 우유에 해당하는 성분입니다.
닭고기,닭고기,닭고기은(는) 닭고기에 해당하는 성분입니다.
꽃게,게,꽃게은(는) 게에 해당하는 성분입니다.
에그파우더농축분말,알류,에그파우더농축분말은(는) 알류에 해당하는 성분입니다.
콩기름농축액,대두,콩기름농축액은(는) 대두에 해당하는 성분입니다.
가리비추출물,조개류,가리비추출물은(는) 조개류에 해당하는 성분입니다.
호밀농축분말,밀,호밀농축분말은(는) 밀에 해당하는 성분입니다.
이산화황,아황산류,이산화황은(는) 아황산류에 해당하는 성분입니다.
가리비,조개류,가리비은(는) 조개류에 해당하는 성분입니다.
토마토소스유래,토마토,토마토소스유래은(는) 토마토에 해당하는 성분입니다.
쇠고기단백질,쇠고기,쇠고기단백질은(는) 쇠고기에 해당하는 성분입니다.
락토오스유래,우유,락토오스유래은(는) 우유에 해당하는 성분입니다.
토마토농축액,토마토,토마토농축액은(는) 토마토에 해당하는 성분입니다.
요거트가수분해물,우유,요거트가수분해물은(는) 우유에 해당하는 성분입니다.
오징어페이스트,오징어,오징어페이스트은(는) 오징어에 해당하는 성분입니다.
호두분태추출물,호두,호두분태추출물은(는) 호두에 해당하는 성분입니다.
가리비농축분말,조개류,가리비농축분말은(는) 조개류에 해당하는 성분입니다.
돈육유래,돼지고기,돈육유래은(는) 돼지고기에 해당하는 성분입니다.
밀추출물,밀,밀추출물은(는) 밀에 해당하는 성분입니다.
호두분태분말,호두,호두분태분말은(는) 호두에 해당하는 성분입니다.
고등어단백질,고등어,고등어단백질은(는) 고등어에 해당하는 성분입니다.
소맥분단백질,밀,소맥분단백질은(는) 밀에 해당하는 성분입니다.
락토오스페이스트,우유,락토오스페이스트은(는) 우유에 해당하는 성분입니다.
피넛버터농축액,땅콩,피넛버터농축액은(는) 땅콩에 해당하는 성분입니다.
아황산나트륨유래,아황산류,아황산나트륨유래은(는) 아황산류에 해당하는 성분입니다.
치킨농축액,닭고기,치킨농축액은(는) 닭고기에 해당하는 성분입니다.
쇠고기농축분말,쇠고기,쇠고기농축분말은(는) 쇠고기에 해당하는 성분입니다.
게살농축액,게,게살농축액은(는) 게에 해당하는 성분입니다.
땅콩오일농축액,땅콩,땅콩오일농축액은(는) 땅콩에 해당하는 성분입니다.
게살분말,게,게살분말은(는) 게에 해당하는 성분입니다.
바지락농축분말,조개류,바지락농축분말은(는) 조개류에 해당하는 성분입니다.
베이컨가수분해물,돼지고기,베이컨가수분해물은(는) 돼지고기에 해당하는 성분입니다.
훈제고등어분말,고등어,훈제고등어분말은(는) 고등어에 해당하는 성분입니다.
락토오스추출물,우유,락토오스추출물은(는) 우유에 해당하는 성분입니다.
에그파우더농축액,알류,에그파우더농축액은(는) 알류에 해당하는 성분입니다.
백도추출물,복숭아,백도추출물은(는) 복숭아에 해당하는 성분입니다.
버터단백질,우유,버터단백질은(는) 우유에 해당하는 성분입니다.
치즈추출물,우유,치즈추출물은(는) 우유에 해당하는 성분입니다.
고등어,고등어,고등어은(는) 고등어에 해당하는 성분입니다.
메밀가루농축액,메밀,메밀가루농축액은(는) 메밀에 해당하는 성분입니다.
계란분말,알류,계란분말은(는) 알류에 해당하는 성분입니다.
콩가수분해물,대두,콩가수분해물은(는) 대두에 해당하는 성분입니다.
쇠고기농축액,쇠고기,쇠고기농축액은(는) 쇠고기에 해당하는 성분입니다.
사골분말,쇠고기,사골분말은(는) 쇠고기에 해당하는 성분입니다.
사골농축분말,쇠고기,사골농축분말은(는) 쇠고기에 해당하는 성분입니다.
된장분말,대두,된장분말은(는) 대두에 해당하는 성분입니다.
난백농축액,알류,난백농축액은(는) 알류에 해당하는 성분입니다.
베이컨단백질,돼지고기,베이컨단백질은(는) 돼지고기에 해당하는 성분입니다.
게살페이스트,게,게살페이스트은(는) 게에 해당하는 성분입니다.
염소유추출물,우유,염소유추출물은(는) 우유에 해당하는 성분입니다.
바지락,조개류,바지락은(는) 조개류에 해당하는 성분입니다.
산양유,우유,산양유은(는) 우유에 해당하는 성분입니다.
사골가수분해물,쇠고기,사골가수분해물은(는) 쇠고기에 해당하는 성분입니다.
요거트,우유,요거트은(는) 우유에 해당하는 성분입니다.
글루텐분말,밀,글루텐분말은(는) 밀에 해당하는 성분입니다.
새우가루유래,새우,새우가루유래은(는) 새우에 해당하는 성분입니다.
무수아황산유래,아황산류,무수아황산유래은(는) 아황산류에 해당하는 성분입니다.
전란액단백질,알류,전란액단백질은(는) 알류에 해당하는 성분입니다.
치즈페이스트,우유,치즈페이스트은(는) 우유에 해당하는 성분입니다.
난백농축분말,알류,난백농축분말은(는) 알류에 해당하는 성분입니다.
메밀가루단백질,메밀,메밀가루단백질은(는) 메밀에 해당하는 성분입니다.
오징어,오징어,오징어은(는) 오징어에 해당하는 성분입니다.
유청,우유,유청은(는) 우유에 해당하는 성분입니다.
된장단백질,대두,된장단백질은(는) 대두에 해당하는 성분입니다.
햄유래,돼지고기,햄유래은(는) 돼지고기에 해당하는 성분입니다.
토마토소스추출물,토마토,토마토소스추출물은(는) 토마토에 해당하는 성분입니다.
베이컨추출물,돼지고기,베이컨추출물은(는) 돼지고기에 해당하는 성분입니다.
메밀가루분말,메밀,메밀가루분말은(는) 메밀에 해당하는 성분입니다.
메밀가루,메밀,메밀가루은(는) 메밀에 해당하는 성분입니다.
청국장농축분말,대두,청국장농축분말은(는) 대두에 해당하는 성분입니다.
에그파우더페이스트,알류,에그파우더페이스트은(는) 알류에 해당하는 성분입니다.
토마토소스페이스트,토마토,토마토소스페이스트은(는) 토마토에 해당하는 성분입니다.
베이컨분말,돼지고기,베이컨분말은(는) 돼지고기에 해당하는 성분입니다.
닭고기분말,닭고기,닭고기분말은(는) 닭고기에 해당하는 성분입니다.
아황산나트륨단백질,아황산류,아황산나트륨단백질은(는) 아황산류에 해당하는 성분입니다.
소고기페이스트,쇠고기,소고기페이스트은(는) 쇠고기에 해당하는 성분입니다.
모시조개,조개류,모시조개은(는) 조개류에 해당하는 성분입니다.
돼지고기가수분해물,돼지고기,돼지고기가수분해물은(는) 돼지고기에 해당하는 성분입니다.
치킨페이스트,닭고기,치킨페이스트은(는) 닭고기에 해당하는 성분입니다.
새우분말,새우,새우분말은(는) 새우에 해당하는 성분입니다.
땅콩분태페이스트,땅콩,땅콩분태페이스트은(는) 땅콩에 해당하는 성분입니다.
염소유농축액,우유,염소유농축액은(는) 우유에 해당하는 성분입니다.
난황분말,알류,난황분말은(는) 알류에 해당하는 성분입니다.
계육추출물,닭고기,계육추출물은(는) 닭고기에 해당하는 성분입니다.
소맥분분말,밀,소맥분분말은(는) 밀에 해당하는 성분입니다.
오징어농축액,오징어,오징어농축액은(는) 오징어에 해당하는 성분입니다.
돼지고기농축액,돼지고기,돼지고기농축액은(는) 돼지고기에 해당하는 성분입니다.
햄분말,돼지고기,햄분말은(는) 돼지고기에 해당하는 성분입니다.
보리페이스트,밀,보리페이스트은(는) 밀에 해당하는 성분입니다.
백도농축액,복숭아,백도농축액은(는) 복숭아에 해당하는 성분입니다.
닭가슴살농축분말,닭고기,닭가슴살농축분말은(는) 닭고기에 해당하는 성분입니다.
가리비가수분해물,조개류,가리비가수분해물은(는) 조개류에 해당하는 성분입니다.
소맥농축액,밀,소맥농축액은(는) 밀에 해당하는 성분입니다.
대두추출물,대두,대두추출물은(는) 대두에 해당하는 성분입니다.
된장페이스트,대두,된장페이스트은(는) 대두에 해당하는 성분입니다.
요거트유래,우유,요거트유래은(는) 우유에 해당하는 성분입니다.
요거트페이스트,우유,요거트페이스트은(는) 우유에 해당하는 성분입니다.
게살추출물,게,게살추출물은(는) 게에 해당하는 성분입니다.
베이컨농축액,돼지고기,베이컨농축액은(는) 돼지고기에 해당하는 성분입니다.
치즈분말,우유,치즈분말은(는) 우유에 해당하는 성분입니다.
치킨,닭고기,치킨은(는) 닭고기에 해당하는 성분입니다.
황도단백질,복숭아,황도단백질은(는) 복숭아에 해당하는 성분입니다.
홍합가수분해물,조개류,홍합가수분해물은(는) 조개류에 해당하는 성분입니다.
호두,호두,호두은(는) 호두에 해당하는 성분입니다.
난황가수분해물,알류,난황가수분해물은(는) 알류에 해당하는 성분입니다.
우유페이스트,우유,우유페이스트은(는) 우유에 해당하는 성분입니다.
유청단백질,우유,유청단백질은(는) 우유에 해당하는 성분입니다.
락토오스가수분해물,우유,락토오스가수분해물은(는) 우유에 해당하는 성분입니다.
오징어유래,오징어,오징어유래은(는) 오징어에 해당하는 성분입니다.
아황산나트륨분말,아황산류,아황산나트륨분말은(는) 아황산류에 해당하는 성분입니다.
버터분말,우유,버터분말은(는) 우유에 해당하는 성분입니다.
땅콩,땅콩,땅콩은(는) 땅콩에 해당하는 성분입니다.
소고기분말,쇠고기,소고기분말은(는) 쇠고기에 해당하는 성분입니다.
난황농축분말,알류,난황농축분말은(는) 알류에 해당하는 성분입니다.
카제인추출물,우유,카제인추출물은(는) 우유에 해당하는 성분입니다.
메밀페이스트,메밀,메밀페이스트은(는) 메밀에 해당하는 성분입니다.
잣가루유래,잣,잣가루유래은(는) 잣에 해당하는 성분입니다.
대두농축액,대두,대두농축액은(는) 대두에 해당하는 성분입니다.
난백,알류,난백은(는) 알류에 해당하는 성분입니다.
계육단백질,닭고기,계육단백질은(는) 닭고기에 해당하는 성분입니다.
소시지,돼지고기,소시지은(는) 돼지고기에 해당하는 성분입니다.
게농축액,게,게농축액은(는) 게에 해당하는 성분입니다.
햄단백질,돼지고기,햄단백질은(는) 돼지고기에 해당하는 성분입니다.
건오징어농축액,오징어,건오징어농축액은(는) 오징어에 해당하는 성분입니다.
황도분말,복숭아,황도분말은(는) 복숭아에 해당하는 성분입니다.
방울토마토가수분해물,토마토,방울토마토가수분해물은(는) 토마토에 해당하는 성분입니다.
보리농축분말,밀,보리농축분말은(는) 밀에 해당하는 성분입니다.
계란페이스트,알류,계란페이스트은(는) 알류에 해당하는 성분입니다.
돼지고기유래,돼지고기,돼지고기유래은(는) 돼지고기에 해당하는 성분입니다.
백도가수분해물,복숭아,백도가수분해물은(는) 복숭아에 해당하는 성분입니다.
간장가수분해물,대두,간장가수분해물은(는) 대두에 해당하는 성분입니다.
에그파우더단백질,알류,에그파우더단백질은(는) 알류에 해당하는 성분입니다.
전복,조개류,전복은(는) 조개류에 해당하는 성분입니다.
치즈단백질,우유,치즈단백질은(는) 우유에 해당하는 성분입니다.
염소유,우유,염소유은(는) 우유에 해당하는 성분입니다.
모시조개유래,조개류,모시조개유래은(는) 조개류에 해당하는 성분입니다.
굴가수분해물,조개류,굴가수분해물은(는) 조개류에 해당하는 성분입니다.
쇠고기분말,쇠고기,쇠고기분말은(는) 쇠고기에 해당하는 성분입니다.
피넛버터,땅콩,피넛버터은(는) 땅콩에 해당하는 성분입니다.
전란액가수분해물,알류,전란액가수분해물은(는) 알류에 해당하는 성분입니다.
소시지농축분말,돼지고기,소시지농축분말은(는) 돼지고기에 해당하는 성분입니다.
잣가루농축분말,잣,잣가루농축분말은(는) 잣에 해당하는 성분입니다.
무수아황산,아황산류,무수아황산은(는) 아황산류에 해당하는 성분입니다.
두유농축액,대두,두유농축액은(는) 대두에 해당하는 성분입니다.
간장추출물,대두,간장추출물은(는) 대두에 해당하는 성분입니다.
호밀유래,밀,호밀유래은(는) 밀에 해당하는 성분입니다.
호두단백질,호두,호두단백질은(는) 호두에 해당하는 성분입니다.
호두분태농축분말,호두,호두분태농축분말은(는) 호두에 해당하는 성분입니다.
밀단백질,밀,밀단백질은(는) 밀에 해당하는 성분입니다.
토마토소스분말,토마토,토마토소스분말은(는) 토마토에 해당하는 성분입니다.
된장,대두,된장은(는) 대두에 해당하는 성분입니다.
전복유래,조개류,전복유래은(는) 조개류에 해당하는 성분입니다.
홍합페이스트,조개류,홍합페이스트은(는) 조개류에 해당하는 성분입니다.
우유단백질,우유,우유단백질은(는) 우유에 해당하는 성분입니다.
염소유분말,우유,염소유분말은(는) 우유에 해당하는 성분입니다.
오징어단백질,오징어,오징어단백질은(는) 오징어에 해당하는 성분입니다.
소시지단백질,돼지고기,소시지단백질은(는) 돼지고기에 해당하는 성분입니다.
건오징어단백질,오징어,건오징어단백질은(는) 오징어에 해당하는 성분입니다.
연유분말,우유,연유분말은(는) 우유에 해당하는 성분입니다.
닭고기단백질,닭고기,닭고기단백질은(는) 닭고기에 해당하는 성분입니다.
홍합농축액,조개류,홍합농축액은(는) 조개류에 해당하는 성분입니다.
게단백질,게,게단백질은(는) 게에 해당하는 성분입니다.
연유페이스트,우유,연유페이스트은(는) 우유에 해당하는 성분입니다.
호두가수분해물,호두,호두가수분해물은(는) 호두에 해당하는 성분입니다.
글루텐페이스트,밀,글루텐페이스트은(는) 밀에 해당하는 성분입니다.
훈제고등어가수분해물,고등어,훈제고등어가수분해물은(는) 고등어에 해당하는 성분입니다.
소시지유래,돼지고기,소시지유래은(는) 돼지고기에 해당하는 성분입니다.
계육,닭고기,계육은(는) 닭고기에 해당하는 성분입니다.
메밀농축액,메밀,메밀농축액은(는) 메밀에 해당하는 성분입니다.
대두농축분말,대두,대두농축분말은(는) 대두에 해당하는 성분입니다.
훈제고등어단백질,고등어,훈제고등어단백질은(는) 고등어에 해당하는 성분입니다.
건새우농축액,새우,건새우농축액은(는) 새우에 해당하는 성분입니다.
염소유단백질,우유,염소유단백질은(는) 우유에 해당하는 성분입니다.
새우가루,새우,새우가루은(는) 새우에 해당하는 성분입니다.
건새우추출물,새우,건새우추출물은(는) 새우에 해당하는 성분입니다.
치킨가수분해물,닭고기,치킨가수분해물은(는) 닭고기에 해당하는 성분입니다.
콩기름,대두,콩기름은(는) 대두에 해당하는 성분입니다.
아황산나트륨추출물,아황산류,아황산나트륨추출물은(는) 아황산류에 해당하는 성분입니다.
잣페이스트,잣,잣페이스트은(는) 잣에 해당하는 성분입니다.
건새우유래,새우,건새우유래은(는) 새우에 해당하는 성분입니다.
잣농축액,잣,잣농축액은(는) 잣에 해당하는 성분입니다.
우유유래,우유,우유유래은(는) 우유에 해당하는 성분입니다.
바지락추출물,조개류,바지락추출물은(는) 조개류에 해당하는 성분입니다.
땅콩유래,땅콩,땅콩유래은(는) 땅콩에 해당하는 성분입니다.
이산화황유래,아황산류,이산화황유래은(는) 아황산류에 해당하는 성분입니다.
황도가수분해물,복숭아,황도가수분해물은(는) 복숭아에 해당하는 성분입니다.
잣추출물,잣,잣추출물은(는) 잣에 해당하는 성분입니다.
두유분말,대두,두유분말은(는) 대두에 해당하는 성분입니다.
건오징어유래,오징어,건오징어유래은(는) 오징어에 해당하는 성분입니다.
토마토,토마토,토마토은(는) 토마토에 해당하는 성분입니다.
백도단백질,복숭아,백도단백질은(는) 복숭아에 해당하는 성분입니다.
토마토가수분해물,토마토,토마토가수분해물은(는) 토마토에 해당하는 성분입니다.
달걀분말,알류,달걀분말은(는) 알류에 해당하는 성분입니다.
간장분말,대두,간장분말은(는) 대두에 해당하는 성분입니다.
바지락단백질,조개류,바지락단백질은(는) 조개류에 해당하는 성분입니다.
소시지가수분해물,돼지고기,소시지가수분해물은(는) 돼지고기에 해당하는 성분입니다.
우유분말,우유,우유분말은(는) 우유에 해당하는 성분입니다.
콩기름단백질,대두,콩기름단백질은(는) 대두에 해당하는 성분입니다.
연유유래,우유,연유유래은(는) 우유에 해당하는 성분입니다.
새우페이스트,새우,새우페이스트은(는) 새우에 해당하는 성분입니다.
소맥분농축액,밀,소맥분농축액은(는) 밀에 해당하는 성분입니다.
보리유래,밀,보리유래은(는) 밀에 해당하는 성분입니다.
땅콩분태,땅콩,땅콩분태은(는) 땅콩에 해당하는 성분입니다.
이산화황분말,아황산류,이산화황분말은(는) 아황산류에 해당하는 성분입니다.
치킨추출물,닭고기,치킨추출물은(는) 닭고기에 해당하는 성분입니다.
소시지분말,돼지고기,소시지분말은(는) 돼지고기에 해당하는 성분입니다.
소맥분,밀,소맥분은(는) 밀에 해당하는 성분입니다.
요거트단백질,우유,요거트단백질은(는) 우유에 해당하는 성분입니다.
유청유래,우유,유청유래은(는) 우유에 해당하는 성분입니다.
버터농축액,우유,버터농축액은(는) 우유에 해당하는 성분입니다.
호두추출물,호두,호두추출물은(는) 호두에 해당하는 성분입니다.
대두가수분해물,대두,대두가수분해물은(는) 대두에 해당하는 성분입니다.
방울토마토농축분말,토마토,방울토마토농축분말은(는) 토마토에 해당하는 성분입니다.
요거트추출물,우유,요거트추출물은(는) 우유에 해당하는 성분입니다.
두유단백질,대두,두유단백질은(는) 대두에 해당하는 성분입니다.
우육농축액,쇠고기,우육농축액은(는) 쇠고기에 해당하는 성분입니다.
글루텐농축액,밀,글루텐농축액은(는) 밀에 해당하는 성분입니다.
전복농축분말,조개류,전복농축분말은(는) 조개류에 해당하는 성분입니다.
밀가루유래,밀,밀가루유래은(는) 밀에 해당하는 성분입니다.
모시조개페이스트,조개류,모시조개페이스트은(는) 조개류에 해당하는 성분입니다.
청국장농축액,대두,청국장농축액은(는) 대두에 해당하는 성분입니다.
오징어농축분말,오징어,오징어농축분말은(는) 오징어에 해당하는 성분입니다.
돼지고기분말,돼지고기,돼지고기분말은(는) 돼지고기에 해당하는 성분입니다.
계육유래,닭고기,계육유래은(는) 닭고기에 해당하는 성분입니다.
고등어가수분해물,고등어,고등어가수분해물은(는) 고등어에 해당하는 성분입니다.
간장,대두,간장은(는) 대두에 해당하는 성분입니다.
호두분태페이스트,호두,호두분태페이스트은(는) 호두에 해당하는 성분입니다.
오징어추출물,오징어,오징어추출물은(는) 오징어에 해당하는 성분입니다.
전복분말,조개류,전복분말은(는) 조개류에 해당하는 성분입니다.
염소유농축분말,우유,염소유농축분말은(는) 우유에 해당하는 성분입니다.
꽃게추출물,게,꽃게추출물은(는) 게에 해당하는 성분입니다.
잣가루분말,잣,잣가루분말은(는) 잣에 해당하는 성분입니다.
청국장단백질,대두,청국장단백질은(는) 대두에 해당하는 성분입니다.
전복단백질,조개류,전복단백질은(는) 조개류에 해당하는 성분입니다.
연유단백질,우유,연유단백질은(는) 우유에 해당하는 성분입니다.
홍합농축분말,조개류,홍합농축분말은(는) 조개류에 해당하는 성분입니다.
카제인,우유,카제인은(는) 우유에 해당하는 성분입니다.
전복추출물,조개류,전복추출물은(는) 조개류에 해당하는 성분입니다.
치즈농축액,우유,치즈농축액은(는) 우유에 해당하는 성분입니다.
돼지고기농축분말,돼지고기,돼지고기농축분말은(는) 돼지고기에 해당하는 성분입니다.
이산화황추출물,아황산류,이산화황추출물은(는) 아황산류에 해당하는 성분입니다.
된장가수분해물,대두,된장가수분해물은(는) 대두에 해당하는 성분입니다.
밀농축액,밀,밀농축액은(는) 밀에 해당하는 성분입니다.
게농축분말,게,게농축분말은(는) 게에 해당하는 성분입니다.
전란액농축분말,알류,전란액농축분말은(는) 알류에 해당하는 성분입니다.
돈육페이스트,돼지고기,돈육페이스트은(는) 돼지고기에 해당하는 성분입니다.
땅콩오일가수분해물,땅콩,땅콩오일가수분해물은(는) 땅콩에 해당하는 성분입니다.
베이컨농축분말,돼지고기,베이컨농축분말은(는) 돼지고기에 해당하는 성분입니다.
청국장가수분해물,대두,청국장가수분해물은(는) 대두에 해당하는 성분입니다.
건오징어추출물,오징어,건오징어추출물은(는) 오징어에 해당하는 성분입니다.
소맥분농축분말,밀,소맥분농축분말은(는) 밀에 해당하는 성분입니다.
전복가수분해물,조개류,전복가수분해물은(는) 조개류에 해당하는 성분입니다.
잣가루단백질,잣,잣가루단백질은(는) 잣에 해당하는 성분입니다.
우육가수분해물,쇠고기,우육가수분해물은(는) 쇠고기에 해당하는 성분입니다.
메밀가수분해물,메밀,메밀가수분해물은(는) 메밀에 해당하는 성분입니다.
건새우가수분해물,새우,건새우가수분해물은(는) 새우에 해당하는 성분입니다.
호두유래,호두,호두유래은(는) 호두에 해당하는 성분입니다.
황도유래,복숭아,황도유래은(는) 복숭아에 해당하는 성분입니다.
우육농축분말,쇠고기,우육농축분말은(는) 쇠고기에 해당하는 성분입니다.
우육단백질,쇠고기,우육단백질은(는) 쇠고기에 해당하는 성분입니다.
호밀분말,밀,호밀분말은(는) 밀에 해당하는 성분입니다.
꽃게농축액,게,꽃게농축액은(는) 게에 해당하는 성분입니다.
게,게,게은(는) 게에 해당하는 성분입니다.
무수아황산페이스트,아황산류,무수아황산페이스트은(는) 아황산류에 해당하는 성분입니다.
콩기름분말,대두,콩기름분말은(는) 대두에 해당하는 성분입니다.
유청농축분말,우유,유청농축분말은(는) 우유에 해당하는 성분입니다.
밀가수분해물,밀,밀가수분해물은(는) 밀에 해당하는 성분입니다.
밀가루농축액,밀,밀가루농축액은(는) 밀에 해당하는 성분입니다.
메밀추출물,메밀,메밀추출물은(는) 메밀에 해당하는 성분입니다.
글루텐농축분말,밀,글루텐농축분말은(는) 밀에 해당하는 성분입니다.
아황산나트륨페이스트,아황산류,아황산나트륨페이스트은(는) 아황산류에 해당하는 성분입니다.
이산화황가수분해물,아황산류,이산화황가수분해물은(는) 아황산류에 해당하는 성분입니다.
달걀단백질,알류,달걀단백질은(는) 알류에 해당하는 성분입니다.
땅콩분태농축액,땅콩,땅콩분태농축액은(는) 땅콩에 해당하는 성분입니다.
잣가루,잣,잣가루은(는) 잣에 해당하는 성분입니다.
건새우,새우,건새우은(는) 새우에 해당하는 성분입니다.
에그파우더,알류,에그파우더은(는) 알류에 해당하는 성분입니다.
치즈유래,우유,치즈유래은(는) 우유에 해당하는 성분입니다.
콩페이스트,대두,콩페이스트은(는) 대두에 해당하는 성분입니다.
잣가루페이스트,잣,잣가루페이스트은(는) 잣에 해당하는 성분입니다.
무수아황산농축액,아황산류,무수아황산농축액은(는) 아황산류에 해당하는 성분입니다.
콩기름농축분말,대두,콩기름농축분말은(는) 대두에 해당하는 성분입니다.
계육가수분해물,닭고기,계육가수분해물은(는) 닭고기에 해당하는 성분입니다.
고등어분말,고등어,고등어분말은(는) 고등어에 해당하는 성분입니다.
소고기추출물,쇠고기,소고기추출물은(는) 쇠고기에 해당하는 성분입니다.
무수아황산추출물,아황산류,무수아황산추출물은(는) 아황산류에 해당하는 성분입니다.
두유추출물,대두,두유추출물은(는) 대두에 해당하는 성분입니다.
게살가수분해물,게,게살가수분해물은(는) 게에 해당하는 성분입니다.
보리추출물,밀,보리추출물은(는) 밀에 해당하는 성분입니다.
건오징어분말,오징어,건오징어분말은(는) 오징어에 해당하는 성분입니다.
홍합,조개류,홍합은(는) 조개류에 해당하는 성분입니다.
달걀농축액,알류,달걀농축액은(는) 알류에 해당하는 성분입니다.
소고기,쇠고기,소고기은(는) 쇠고기에 해당하는 성분입니다.
난황추출물,알류,난황추출물은(는) 알류에 해당하는 성분입니다.
닭고기가수분해물,닭고기,닭고기가수분해물은(는) 닭고기에 해당하는 성분입니다.
건오징어,오징어,건오징어은(는) 오징어에 해당하는 성분입니다.
산양유분말,우유,산양유분말은(는) 우유에 해당하는 성분입니다.
바지락가수분해물,조개류,바지락가수분해물은(는) 조개류에 해당하는 성분입니다.
두유,대두,두유은(는) 대두에 해당하는 성분입니다.
보리단백질,밀,보리단백질은(는) 밀에 해당하는 성분입니다.
바지락농축액,조개류,바지락농축액은(는) 조개류에 해당하는 성분입니다.
홍합추출물,조개류,홍합추출물은(는) 조개류에 해당하는 성분입니다.
굴추출물,조개류,굴추출물은(는) 조개류에 해당하는 성분입니다.
건새우페이스트,새우,건새우페이스트은(는) 새우에 해당하는 성분입니다.
꽃게가수분해물,게,꽃게가수분해물은(는) 게에 해당하는 성분입니다.
닭가슴살분말,닭고기,닭가슴살분말은(는) 닭고기에 해당하는 성분입니다.
요거트농축분말,우유,요거트농축분말은(는) 우유에 해당하는 성분입니다.
난황단백질,알류,난황단백질은(는) 알류에 해당하는 성분입니다.
호밀페이스트,밀,호밀페이스트은(는) 밀에 해당하는 성분입니다.
게살단백질,게,게살단백질은(는) 게에 해당하는 성분입니다.
돼지고기,돼지고기,돼지고기은(는) 돼지고기에 해당하는 성분입니다.
계란,알류,계란은(는) 알류에 해당하는 성분입니다.
난황농축액,알류,난황농축액은(는) 알류에 해당하는 성분입니다.
달걀농축분말,알류,달걀농축분말은(는) 알류에 해당하는 성분입니다.
무수아황산분말,아황산류,무수아황산분말은(는) 아황산류에 해당하는 성분입니다.
콩단백질,대두,콩단백질은(는) 대두에 해당하는 성분입니다.
우유,우유,우유은(는) 우유에 해당하는 성분입니다.
카제인유래,우유,카제인유래은(는) 우유에 해당하는 성분입니다.
꽃게분말,게,꽃게분말은(는) 게에 해당하는 성분입니다.
꽃게유래,게,꽃게유래은(는) 게에 해당하는 성분입니다.
햄,돼지고기,햄은(는) 돼지고기에 해당하는 성분입니다.
방울토마토페이스트,토마토,방울토마토페이스트은(는) 토마토에 해당하는 성분입니다.
홍합분말,조개류,홍합분말은(는) 조개류에 해당하는 성분입니다.
잣,잣,잣은(는) 잣에 해당하는 성분입니다.
이산화황농축액,아황산류,이산화황농축액은(는) 아황산류에 해당하는 성분입니다.
콩분말,대두,콩분말은(는) 대두에 해당하는 성분입니다.
계란가수분해물,알류,계란가수분해물은(는) 알류에 해당하는 성분입니다.
연유농축분말,우유,연유농축분말은(는) 우유에 해당하는 성분입니다.
치킨단백질,닭고기,치킨단백질은(는) 닭고기에 해당하는 성분입니다.
산양유농축분말,우유,산양유농축분말은(는) 우유에 해당하는 성분입니다.
가리비페이스트,조개류,가리비페이스트은(는) 조개류에 해당하는 성분입니다.
게살유래,게,게살유래은(는) 게에 해당하는 성분입니다.
계육농축액,닭고기,계육농축액은(는) 닭고기에 해당하는 성분입니다.
밀페이스트,밀,밀페이스트은(는) 밀에 해당하는 성분입니다.
피넛버터페이스트,땅콩,피넛버터페이스트은(는) 땅콩에 해당하는 성분입니다.
굴유래,조개류,굴유래은(는) 조개류에 해당하는 성분입니다.
에그파우더분말,알류,에그파우더분말은(는) 알류에 해당하는 성분입니다.
새우가루농축액,새우,새우가루농축액은(는) 새우에 해당하는 성분입니다.
밀분말,밀,밀분말은(는) 밀에 해당하는 성분입니다.
토마토단백질,토마토,토마토단백질은(는) 토마토에 해당하는 성분입니다.
꽃게농축분말,게,꽃게농축분말은(는) 게에 해당하는 성분입니다.
두유페이스트,대두,두유페이스트은(는) 대두에 해당하는 성분입니다.
꽃게단백질,게,꽃게단백질은(는) 게에 해당하는 성분입니다.
보리분말,밀,보리분말은(는) 밀에 해당하는 성분입니다.
쇠고기페이스트,쇠고기,쇠고기페이스트은(는) 쇠고기에 해당하는 성분입니다.
치즈,우유,치즈은(는) 우유에 해당하는 성분입니다.
메밀,메밀,메밀은(는) 메밀에 해당하는 성분입니다.
요거트분말,우유,요거트분말은(는) 우유에 해당하는 성분입니다.
훈제고등어추출물,고등어,훈제고등어추출물은(는) 고등어에 해당하는 성분입니다.
계란유래,알류,계란유래은(는) 알류에 해당하는 성분입니다.
콩,대두,콩은(는) 대두에 해당하는 성분입니다.
호밀가수분해물,밀,호밀가수분해물은(는) 밀에 해당하는 성분입니다.
우육페이스트,쇠고기,우육페이스트은(는) 쇠고기에 해당하는 성분입니다.
건새우분말,새우,건새우분말은(는) 새우에 해당하는 성분입니다.
소고기단백질,쇠고기,소고기단백질은(는) 쇠고기에 해당하는 성분입니다.
난황페이스트,알류,난황페이스트은(는) 알류에 해당하는 성분입니다.
호밀,밀,호밀은(는) 밀에 해당하는 성분입니다.
사골농축액,쇠고기,사골농축액은(는) 쇠고기에 해당하는 성분입니다.
복숭아단백질,복숭아,복숭아단백질은(는) 복숭아에 해당하는 성분입니다.
대두유래,대두,대두유래은(는) 대두에 해당하는 성분입니다.
호두농축액,호두,호두농축액은(는) 호두에 해당하는 성분입니다.
땅콩농축액,땅콩,땅콩농축액은(는) 땅콩에 해당하는 성분입니다.
모시조개단백질,조개류,모시조개단백질은(는) 조개류에 해당하는 성분입니다.
백도,복숭아,백도은(는) 복숭아에 해당하는 성분입니다.
소맥,밀,소맥은(는) 밀에 해당하는 성분입니다.
간장유래,대두,간장유래은(는) 대두에 해당하는 성분입니다.
간장농축분말,대두,간장농축분말은(는) 대두에 해당하는 성분입니다.
계란추출물,알류,계란추출물은(는) 알류에 해당하는 성분입니다.
베이컨페이스트,돼지고기,베이컨페이스트은(는) 돼지고기에 해당하는 성분입니다.
굴페이스트,조개류,굴페이스트은(는) 조개류에 해당하는 성분입니다.
돼지고기페이스트,돼지고기,돼지고기페이스트은(는) 돼지고기에 해당하는 성분입니다.
우유농축분말,우유,우유농축분말은(는) 우유에 해당하는 성분입니다.
호밀단백질,밀,호밀단백질은(는) 밀에 해당하는 성분입니다.
백도분말,복숭아,백도분말은(는) 복숭아에 해당하는 성분입니다.
치즈농축분말,우유,치즈농축분말은(는) 우유에 해당하는 성분입니다.
복숭아유래,복숭아,복숭아유래은(는) 복숭아에 해당하는 성분입니다.
토마토유래,토마토,토마토유래은(는) 토마토에 해당하는 성분입니다.
새우가루농축분말,새우,새우가루농축분말은(는) 새우에 해당하는 성분입니다.
돈육추출물,돼지고기,돈육추출물은(는) 돼지고기에 해당하는 성분입니다.
새우농축분말,새우,새우농축분말은(는) 새우에 해당하는 성분입니다.
방울토마토유래,토마토,방울토마토유래은(는) 토마토에 해당하는 성분입니다.
전란액페이스트,알류,전란액페이스트은(는) 알류에 해당하는 성분입니다.
소맥유래,밀,소맥유래은(는) 밀에 해당하는 성분입니다.
난백가수분해물,알류,난백가수분해물은(는) 알류에 해당하는 성분입니다.
피넛버터분말,땅콩,피넛버터분말은(는) 땅콩에 해당하는 성분입니다.
토마토추출물,토마토,토마토추출물은(는) 토마토에 해당하는 성분입니다.
백도유래,복숭아,백도유래은(는) 복숭아에 해당하는 성분입니다.
아황산나트륨농축분말,아황산류,아황산나트륨농축분말은(는) 아황산류에 해당하는 성분입니다.
카제인농축액,우유,카제인농축액은(는) 우유에 해당하는 성분입니다.
보리,밀,보리은(는) 밀에 해당하는 성분입니다.
토마토소스가수분해물,토마토,토마토소스가수분해물은(는) 토마토에 해당하는 성분입니다.
모시조개분말,조개류,모시조개분말은(는) 조개류에 해당하는 성분입니다.
게분말,게,게분말은(는) 게에 해당하는 성분입니다.
가리비농축액,조개류,가리비농축액은(는) 조개류에 해당하는 성분입니다.
피넛버터추출물,땅콩,피넛버터추출물은(는) 땅콩에 해당하는 성분입니다.
락토오스분말,우유,락토오스분말은(는) 우유에 해당하는 성분입니다.
돈육분말,돼지고기,돈육분말은(는) 돼지고기에 해당하는 성분입니다.
호두분태가수분해물,호두,호두분태가수분해물은(는) 호두에 해당하는 성분입니다.
사골,쇠고기,사골은(는) 쇠고기에 해당하는 성분입니다.
홍합단백질,조개류,홍합단백질은(는) 조개류에 해당하는 성분입니다.
토마토소스농축액,토마토,토마토소스농축액은(는) 토마토에 해당하는 성분입니다.
간장단백질,대두,간장단백질은(는) 대두에 해당하는 성분입니다.
락토오스농축분말,우유,락토오스농축분말은(는) 우유에 해당하는 성분입니다.
치킨농축분말,닭고기,치킨농축분말은(는) 닭고기에 해당하는 성분입니다.
새우단백질,새우,새우단백질은(는) 새우에 해당하는 성분입니다.
밀가루추출물,밀,밀가루추출물은(는) 밀에 해당하는 성분입니다.
땅콩분태단백질,땅콩,땅콩분태단백질은(는) 땅콩에 해당하는 성분입니다.
연유가수분해물,우유,연유가수분해물은(는) 우유에 해당하는 성분입니다.
버터,우유,버터은(는) 우유에 해당하는 성분입니다.
복숭아농축액,복숭아,복숭아농축액은(는) 복숭아에 해당하는 성분입니다.
땅콩오일추출물,땅콩,땅콩오일추출물은(는) 땅콩에 해당하는 성분입니다.
햄가수분해물,돼지고기,햄가수분해물은(는) 돼지고기에 해당하는 성분입니다.
닭고기유래,닭고기,닭고기유래은(는) 닭고기에 해당하는 성분입니다.
달걀유래,알류,달걀유래은(는) 알류에 해당하는 성분입니다.
요거트농축액,우유,요거트농축액은(는) 우유에 해당하는 성분입니다.
전란액농축액,알류,전란액농축액은(는) 알류에 해당하는 성분입니다.
대두,대두,대두은(는) 대두에 해당하는 성분입니다.
땅콩오일,땅콩,땅콩오일은(는) 땅콩에 해당하는 성분입니다.
밀가루분말,밀,밀가루분말은(는) 밀에 해당하는 성분입니다.
꽃게페이스트,게,꽃게페이스트은(는) 게에 해당하는 성분입니다.
산양유페이스트,우유,산양유페이스트은(는) 우유에 해당하는 성분입니다.
청국장페이스트,대두,청국장페이스트은(는) 대두에 해당하는 성분입니다.
땅콩분말,땅콩,땅콩분말은(는) 땅콩에 해당하는 성분입니다.
산양유농축액,우유,산양유농축액은(는) 우유에 해당하는 성분입니다.
난백분말,알류,난백분말은(는) 알류에 해당하는 성분입니다.
소고기가수분해물,쇠고기,소고기가수분해물은(는) 쇠고기에 해당하는 성분입니다.
된장농축액,대두,된장농축액은(는) 대두에 해당하는 성분입니다.
글루텐단백질,밀,글루텐단백질은(는) 밀에 해당하는 성분입니다.
닭가슴살유래,닭고기,닭가슴살유래은(는) 닭고기에 해당하는 성분입니다.
아황산나트륨,아황산류,아황산나트륨은(는) 아황산류에 해당하는 성분입니다.
난백단백질,알류,난백단백질은(는) 알류에 해당하는 성분입니다.
메밀가루페이스트,메밀,메밀가루페이스트은(는) 메밀에 해당하는 성분입니다.
콩유래,대두,콩유래은(는) 대두에 해당하는 성분입니다.
된장추출물,대두,된장추출물은(는) 대두에 해당하는 성분입니다.
청국장추출물,대두,청국장추출물은(는) 대두에 해당하는 성분입니다.
고등어농축액,고등어,고등어농축액은(는) 고등어에 해당하는 성분입니다.
새우,새우,새우은(는) 새우에 해당하는 성분입니다.
베이컨유래,돼지고기,베이컨유래은(는) 돼지고기에 해당하는 성분입니다.
소맥분추출물,밀,소맥분추출물은(는) 밀에 해당하는 성분입니다.
간장농축액,대두,간장농축액은(는) 대두에 해당하는 성분입니다.
치즈가수분해물,우유,치즈가수분해물은(는) 우유에 해당하는 성분입니다.
닭고기농축분말,닭고기,닭고기농축분말은(는) 닭고기에 해당하는 성분입니다.
햄추출물,돼지고기,햄추출물은(는) 돼지고기에 해당하는 성분입니다.
토마토소스단백질,토마토,토마토소스단백질은(는) 토마토에 해당하는 성분입니다.
돼지고기추출물,돼지고기,돼지고기추출물은(는) 돼지고기에 해당하는 성분입니다.
굴,조개류,굴은(는) 조개류에 해당하는 성분입니다.
두유농축분말,대두,두유농축분말은(는) 대두에 해당하는 성분입니다.
고등어추출물,고등어,고등어추출물은(는) 고등어에 해당하는 성분입니다.
밀가루단백질,밀,밀가루단백질은(는) 밀에 해당하는 성분입니다.
호두농축분말,호두,호두농축분말은(는) 호두에 해당하는 성분입니다.
유청분말,우유,유청분말은(는) 우유에 해당하는 성분입니다.
콩기름가수분해물,대두,콩기름가수분해물은(는) 대두에 해당하는 성분입니다.
새우유래,새우,새우유래은(는) 새우에 해당하는 성분입니다.
보리농축액,밀,보리농축액은(는) 밀에 해당하는 성분입니다.
닭가슴살가수분해물,닭고기,닭가슴살가수분해물은(는) 닭고기에 해당하는 성분입니다.
바지락페이스트,조개류,바지락페이스트은(는) 조개류에 해당하는 성분입니다.
콩기름페이스트,대두,콩기름페이스트은(는) 대두에 해당하는 성분입니다.
카제인단백질,우유,카제인단백질은(는) 우유에 해당하는 성분입니다.
소맥단백질,밀,소맥단백질은(는) 밀에 해당하는 성분입니다.
버터페이스트,우유,버터페이스트은(는) 우유에 해당하는 성분입니다.
치킨유래,닭고기,치킨유래은(는) 닭고기에 해당하는 성분입니다.
메밀가루추출물,메밀,메밀가루추출물은(는) 메밀에 해당하는 성분입니다.
전란액,알류,전란액은(는) 알류에 해당하는 성분입니다.
쇠고기가수분해물,쇠고기,쇠고기가수분해물은(는) 쇠고기에 해당하는 성분입니다.
건오징어가수분해물,오징어,건오징어가수분해물은(는) 오징어에 해당하는 성분입니다.
달걀가수분해물,알류,달걀가수분해물은(는) 알류에 해당하는 성분입니다.
염소유유래,우유,염소유유래은(는) 우유에 해당하는 성분입니다.
게가수분해물,게,게가수분해물은(는) 게에 해당하는 성분입니다.
복숭아분말,복숭아,복숭아분말은(는) 복숭아에 해당하는 성분입니다.
가리비단백질,조개류,가리비단백질은(는) 조개류에 해당하는 성분입니다.
소고기농축분말,쇠고기,소고기농축분말은(는) 쇠고기에 해당하는 성분입니다.
땅콩오일농축분말,땅콩,땅콩오일농축분말은(는) 땅콩에 해당하는 성분입니다.
황도농축분말,복숭아,황도농축분말은(는) 복숭아에 해당하는 성분입니다.
햄농축분말,돼지고기,햄농축분말은(는) 돼지고기에 해당하는 성분입니다.
우유가수분해물,우유,우유가수분해물은(는) 우유에 해당하는 성분입니다.
복숭아농축분말,복숭아,복숭아농축분말은(는) 복숭아에 해당하는 성분입니다.
오징어분말,오징어,오징어분말은(는) 오징어에 해당하는 성분입니다.
연유농축액,우유,연유농축액은(는) 우유에 해당하는 성분입니다.
계란단백질,알류,계란단백질은(는) 알류에 해당하는 성분입니다.
땅콩페이스트,땅콩,땅콩페이스트은(는) 땅콩에 해당하는 성분입니다.
방울토마토농축액,토마토,방울토마토농축액은(는) 토마토에 해당하는 성분입니다.
산양유가수분해물,우유,산양유가수분해물은(는) 우유에 해당하는 성분입니다.
땅콩추출물,땅콩,땅콩추출물은(는) 땅콩에 해당하는 성분입니다.
계육분말,닭고기,계육분말은(는) 닭고기에 해당하는 성분입니다.
청국장,대두,청국장은(는) 대두에 해당하는 성분입니다.
닭가슴살추출물,닭고기,닭가슴살추출물은(는) 닭고기에 해당하는 성분입니다.
메밀분말,메밀,메밀분말은(는) 메밀에 해당하는 성분입니다.
잣가루가수분해물,잣,잣가루가수분해물은(는) 잣에 해당하는 성분입니다.
황도,복숭아,황도은(는) 복숭아에 해당하는 성분입니다.
콩농축분말,대두,콩농축분말은(는) 대두에 해당하는 성분입니다.
호두분태단백질,호두,호두분태단백질은(는) 호두에 해당하는 성분입니다.
유청페이스트,우유,유청페이스트은(는) 우유에 해당하는 성분입니다.
쇠고기,쇠고기,쇠고기은(는) 쇠고기에 해당하는 성분입니다.
전란액분말,알류,전란액분말은(는) 알류에 해당하는 성분입니다.
밀,밀,밀은(는) 밀에 해당하는 성분입니다.
무수아황산농축분말,아황산류,무수아황산농축분말은(는) 아황산류에 해당하는 성분입니다.
유청농축액,우유,유청농축액은(는) 우유에 해당하는 성분입니다.
복숭아,복숭아,복숭아은(는) 복숭아에 해당하는 성분입니다.
닭고기농축액,닭고기,닭고기농축액은(는) 닭고기에 해당하는 성분입니다.
잣단백질,잣,잣단백질은(는) 잣에 해당하는 성분입니다.
난백추출물,알류,난백추출물은(는) 알류에 해당하는 성분입니다.
땅콩오일분말,땅콩,땅콩오일분말은(는) 땅콩에 해당하는 성분입니다.
훈제고등어,고등어,훈제고등어은(는) 고등어에 해당하는 성분입니다.
메밀가루유래,메밀,메밀가루유래은(는) 메밀에 해당하는 성분입니다.
잣가수분해물,잣,잣가수분해물은(는) 잣에 해당하는 성분입니다.
굴농축액,조개류,굴농축액은(는) 조개류에 해당하는 성분입니다.
에그파우더유래,알류,에그파우더유래은(는) 알류에 해당하는 성분입니다.
건오징어페이스트,오징어,건오징어페이스트은(는) 오징어에 해당하는 성분입니다.
방울토마토분말,토마토,방울토마토분말은(는) 토마토에 해당하는 성분입니다.
게추출물,게,게추출물은(는) 게에 해당하는 성분입니다.
산양유유래,우유,산양유유래은(는) 우유에 해당하는 성분입니다.
무수아황산가수분해물,아황산류,무수아황산가수분해물은(는) 아황산류에 해당하는 성분입니다.
청국장분말,대두,청국장분말은(는) 대두에 해당하는 성분입니다.
계란농축분말,알류,계란농축분말은(는) 알류에 해당하는 성분입니다.
산양유추출물,우유,산양유추출물은(는) 우유에 해당하는 성분입니다.
소시지페이스트,돼지고기,소시지페이스트은(는) 돼지고기에 해당하는 성분입니다.
두유유래,대두,두유유래은(는) 대두에 해당하는 성분입니다.
글루텐유래,밀,글루텐유래은(는) 밀에 해당하는 성분입니다.
콩농축액,대두,콩농축액은(는) 대두에 해당하는 성분입니다.
치킨분말,닭고기,치킨분말은(는) 닭고기에 해당하는 성분입니다.
락토오스,우유,락토오스은(는) 우유에 해당하는 성분입니다.
염소유페이스트,우유,염소유페이스트은(는) 우유에 해당하는 성분입니다.
호두분태,호두,호두분태은(는) 호두에 해당하는 성분입니다.
모시조개가수분해물,조개류,모시조개가수분해물은(는) 조개류에 해당하는 성분입니다.
새우가루가수분해물,새우,새우가루가수분해물은(는) 새우에 해당하는 성분입니다.
이산화황농축분말,아황산류,이산화황농축분말은(는) 아황산류에 해당하는 성분입니다.
복숭아추출물,복숭아,복숭아추출물은(는) 복숭아에 해당하는 성분입니다.
메밀단백질,메밀,메밀단백질은(는) 메밀에 해당하는 성분입니다.
아황산나트륨가수분해물,아황산류,아황산나트륨가수분해물은(는) 아황산류에 해당하는 성분입니다.
게살농축분말,게,게살농축분말은(는) 게에 해당하는 성분입니다.
